config,region,mode,eff,eff_1yr,eff_2yr,pH_min,dphi,closure,exported_mol,co2_sched_mol,eff_ctrl,net,net_1yr,net_2yr,export_pct
A0,MHOW,single,108.70322545002213,107.3260355786832,108.24292321112898,5.4201272957497295,0.013721471954639242,2.8175836928761744e-08,881995.8741678321,13633265.167007504,15.14812118388005,93.55510426614208,93.56328607763533,93.55763395269315,6.469439737021046
A0,MHOW,continuous,136.26878861020458,124.9420507592165,135.3463637434007,6.262953940857286,-0.01318822885301607,-1.2899579931677616e-06,11892.489258034158,13633265.16700746,36.72979266613577,99.5389959440688,98.36661399892363,99.99906283692724,0.0872314087076808
A0,MHOW,pulsed,135.80121538561428,128.44769747486706,134.42054463636202,6.116569250546251,-0.012316485175070113,-4.988115069549892e-07,12513.023132478234,13633265.167007484,35.812001654077726,99.98921373153655,99.99261844565478,99.99083486787927,0.09178302467672794
A0,CRBG,single,67.9781361207359,62.983343822823606,64.40658628251543,5.369173124495695,0.039132471960451554,-1.8152982924449015e-06,13590003.08829665,18404907.9754601,41.404695687784844,26.573440432951053,26.57450094704251,26.57062436638038,73.83901677974521
A0,CRBG,continuous,231.26693932009985,197.94726384510662,227.7016175860932,6.348022047472324,-0.06513801595663082,-8.0712997282824e-07,115246.01776719761,18404907.975460015,131.70369071552895,99.5632486045709,98.48622830140036,99.56470967663267,0.6261700298684441
A0,CRBG,pulsed,227.8276837135047,205.4528645052551,224.2633866316728,6.303955079708228,-0.05622890812123771,-1.03516658992372e-06,155842.7954576466,18404907.97546016,128.39857844107678,99.42910527242793,99.4572744973054,99.43289671627048,0.8467458553198781
A0_sa0.1,MHOW,single,16.520299507000264,15.14361325889715,16.060497105944595,4.72365914127119,-0.005093505306764001,-3.75233593799516e-07,13449321.046889605,13633265.167007504,12.137010454231097,4.383289052769166,4.384137836359043,4.384179610951421,98.65076987893521
A0_sa0.1,MHOW,continuous,55.21880621424562,37.321060868166434,53.84306948694197,5.736261945938727,-0.028040688047452633,-1.1928418410137803e-06,11122984.527734147,13633265.16700746,33.56303000817293,21.655776206072687,15.672975195608235,21.551681715053256,81.58709151093021
A0_sa0.1,MHOW,pulsed,45.81194997532652,35.27004987239247,44.43633351421361,5.424572700180021,-0.025478618325273317,-5.2974978671388313e-08,12279917.287759673,13633265.167007484,32.756761059653144,13.055188915673376,11.76896125957322,13.055157007475874,90.0731933057173
A0_sa0.1,CRBG,single,15.700314835018048,10.641252758697977,12.13000470164612,4.83190528114116,-0.011152594430690499,-6.512084813546668e-07,23211630.31963221,18404907.9754601,16.020281646887977,-0.3199668118699286,-0.26344978184891943,-0.31880162156747716,126.11652473666848
A0_sa0.1,CRBG,continuous,16.231210413701362,0.0,12.577558425107974,5.872610999367007,-0.03458775299072059,-1.1435447058732838e-06,39889584.47068783,18404907.975460015,16.8926870339683,-0.6614766202669387,0.0,-0.9043979549153001,216.73340895740512
A0_sa0.1,CRBG,pulsed,15.363319657834682,0.0,11.797275876833611,5.630156931044232,-0.0330608914030055,-1.3770862994349367e-06,39457065.61815715,18404907.97546016,15.524517229188413,-0.16119757135373192,0.0,-0.06034870001032999,214.3833898586534
A0_sa0.01,MHOW,single,5.048304716201908,0.0,1.938729629820013,4.371389181128862,-0.006263722495313928,-2.4407552573854573e-07,15013022.58732196,13633265.167007504,5.5799209490690265,-0.5316162328671181,-0.42178137236688623,-2.12609471920204,110.12052067800653
A0_sa0.01,MHOW,continuous,4.707899164684619,0.0,0.0,5.414125072093917,-0.006465379779955427,-1.939172868184943e-07,17953132.84598383,13633265.16700746,5.2480597056530565,-0.5401605409684374,0.0,-0.6316172731192314,131.68622942529174
A0_sa0.01,MHOW,pulsed,4.881361623133163,0.0,0.20823769324706046,5.1116903000491964,-0.007204832104401149,1.3879474932485074e-08,17810717.497510806,13633265.167007484,5.321595397679517,-0.44023377454635426,0.0,-0.5739715955737099,130.6416128442419
A0_sa0.01,CRBG,single,6.922899166181897,0.026518832838574802,3.0309029840579984,4.671542475315312,-0.009703375120469815,-1.0555826917644327e-06,24662537.475633986,18404907.9754601,6.928710449192087,-0.00581128301018996,-0.0002097562707458582,0.0032271664251646293,133.9997869509448
A0_sa0.01,CRBG,continuous,5.714737705469481,0.0,0.02849976015090652,5.7219494897601395,-0.008920774087668448,-4.187065578442847e-07,41716319.87000755,18404907.975460015,5.644366272171335,0.07037143329814555,0.0,0.005514258652984355,226.658671293709
A0_sa0.01,CRBG,pulsed,5.788569575872346,0.0,0.07865497316257852,5.507377043825497,-0.011224984565391338,-6.40820209544879e-07,41107329.43063884,18404907.97546016,5.774210140818943,0.01435943505340287,0.0,-0.0035817110435096694,223.3498232398039
A1,MHOW,single,32.457650135839856,10.860769631610145,17.008909363075766,4.219458663534399,-0.02469102013975011,-2.491450157886398e-06,18.09028518423375,13633265.167007504,0.487284014794683,31.970366121045174,10.373939771424062,16.52181799059409,0.0001326922418263545
A1,MHOW,continuous,30.013110399663024,7.650676185549781,14.505365782111054,4.876244785189521,-0.019494073664731104,-2.2146442380648883e-06,8.300227137547925,13633265.16700746,0.47815305624777865,29.534957343415247,7.172948867963852,14.027396635315467,6.08821660539142e-05
A1,MHOW,pulsed,38.733745095791214,12.257185052717912,21.87481979602152,4.702018765539734,-0.035379658127775215,-3.601009099575067e-06,20.94572503794805,13633265.167007484,0.5056819352280374,38.228063160563174,11.751889511558813,21.36931864907898,0.00015363689315334912
A1,CRBG,single,23.813626371825926,7.9202355787395575,12.456453152794248,4.188547281309213,-0.042716283485528805,-2.03790857373007e-06,21.164216745874178,18404907.9754601,0.3782231998760357,23.43540317194989,7.5418789871426695,12.078142500627004,0.00011499224431924984
A1,CRBG,continuous,24.248359100809928,6.3683398410379555,12.403673639877791,4.816699708278205,-0.04455119420144449,-1.7500694070562566e-06,5.255849553678859,18404907.975460015,0.37832415819364507,23.870034942616282,5.989886097185998,12.025264467079532,2.8556782574988636e-05
A1,CRBG,pulsed,33.10847158390001,10.454560973312303,19.451872262008948,4.665037088324513,-0.06924639307529112,-2.779259573806058e-06,16.70459783429657,18404907.97546016,0.4068653453566633,32.70160623854335,10.047571338641447,19.044921838738762,9.076164823301118e-05
A1_sa0.1,MHOW,single,7.8673210960239315,1.6297930823573294,3.322607997252707,3.7416725896493346,-0.012038192504306267,-1.735178125123994e-06,3765.5172421013176,13633265.167007504,0.4589357906674252,7.408385305356506,1.1716075915660382,2.864378012208996,0.027620068970813153
A1_sa0.1,MHOW,continuous,6.911448614908139,1.136070384686667,2.6650007550900163,4.255674671567452,-0.01047286698712746,-1.6785841863304595e-06,12.030223501041018,13633265.16700746,0.47723649404530344,6.434212120862835,0.6595634410670759,2.188446847646361,8.824168938013612e-05
A1_sa0.1,MHOW,pulsed,9.861662070365712,1.6525862514736063,3.8322981433384578,4.108243952747978,-0.015143326919902833,-8.840876192430458e-07,389.1077155321138,13633265.167007484,0.5020700971091944,9.359591973256517,1.151224349087737,3.330891644926383,0.002854105093428058
A1_sa0.1,CRBG,single,5.747484789431186,1.24739364645948,2.4865814794852668,3.7289125064061097,-0.008800871105126618,-1.5288092091392877e-06,3947.5862211901444,18404907.9754601,0.3570336143729185,5.390451175058268,0.8916834645712344,2.1298053573832956,0.02144855180179981
A1_sa0.1,CRBG,continuous,5.7653213076793195,0.9118259600318885,2.2693249764331536,4.218909476935336,-0.008754643150158614,-1.3368589226694427e-06,20.278330554675097,18404907.975460015,0.3783651333230669,5.386956174356253,0.5347863085029081,1.8912307881248998,0.00011017892934706866
A1_sa0.1,CRBG,pulsed,8.600114035301509,1.345311283622877,3.3214639394236793,4.0908495759350325,-0.016153854963009806,-4.0328497297938055e-07,325.44529799028874,18404907.97546016,0.40527303035682155,8.194841004944687,0.9413325353508435,2.9164312278381987,0.001768252785747232
A1_sa0.01,MHOW,single,0.7957029371607164,0.004371443997981424,0.39491246536177566,3.5470152121034917,-0.004336618228816036,-4.030676807994562e-07,3765.517252511495,13633265.167007504,0.4581352860785522,0.3375676510821642,-0.002718978808246242,-0.0630503495876315,0.027620069047171805
A1_sa0.01,MHOW,continuous,0.7301319462990267,0.0039408606205127246,0.40502881364303783,3.760114718080371,-0.00430791295923072,-5.568568745828375e-07,2510.3448279313398,13633265.16700746,0.4581349657443547,0.271996980554672,-0.0006394233750186716,-0.05291931559655244,0.01841337931287643
A1_sa0.01,MHOW,pulsed,0.8499871129239063,0.017167640189553822,0.3801681404883281,3.6786874608885487,-0.004038724216322009,-2.7802074686946646e-07,6275.862080064894,13633265.167007484,0.4581344260322008,0.3918526868917055,-0.004504920009426261,-0.07654571209008959,0.04603344835727605
A1_sa0.01,CRBG,single,0.6126428326713974,0.049296290937987056,0.30496488592110177,3.555623602077846,-0.002403289357948424,-3.811897803809276e-07,3947.586207890569,18404907.9754601,0.35564562348929785,0.25699720918209956,-0.017598731932847916,-0.050513800004682585,0.021448551729538783
A1_sa0.01,CRBG,continuous,0.5917258758788788,0.04728396663564071,0.30574807358010736,3.7425775844851086,-0.0022932022188690837,-4.441785898702854e-07,3947.5863283054264,18404907.975460015,0.3556450714529212,0.23608080442595764,-0.010112315309680889,-0.04970577781929425,0.021448552383792945
A1_sa0.01,CRBG,pulsed,0.7015315318886891,0.0722874398534617,0.2750457445328813,3.674596323002148,-0.002309069734840463,-3.6181917018864583e-07,9193.83009848066,18404907.97546016,0.35573715139834455,0.34579438049034456,-0.026926605097211162,-0.08041690716413324,0.04995314353507815
A0_shutin,MHOW,pulsed,128.45696508104444,124.77678527652334,127.53553940883727,6.116569250546251,-0.0039905071491990185,-5.798466132653618e-07,9777.136818857114,13633265.167007484,28.464191682647478,99.99277339839696,99.99481818885474,99.99424419877111,0.071715298566317
A0_shutin,CRBG,pulsed,195.76887687372331,185.37393496636284,192.20509035051234,6.303955079708228,-0.026066758343299412,-9.81365957504506e-07,134863.05673276348,18404907.97546016,96.3024656994381,99.46641117428521,99.47858309853518,99.47143235052798,0.7327559415813467
A0_sa0.1_shutin,MHOW,pulsed,44.47488061791311,38.71962935303549,43.55753893909981,5.424572700180021,-0.018401933671327697,-1.8715503147061795e-07,11458089.096962154,13633265.167007484,25.427671973035938,19.04720864487717,18.036625723071957,19.047545542407587,84.0450835262175
A0_sa0.1_shutin,CRBG,pulsed,13.657790850836413,0.4919233149539488,10.089288419004813,5.630156931044232,-0.023071934328612542,-1.3021984212847552e-06,33785136.74783579,18404907.97546016,16.231969595689215,-2.5741787448528015,-2.6449806545762886,-2.470392761212354,183.56590966324075
A1_shutin,MHOW,pulsed,29.92395724966758,8.610407635363513,14.493133035002321,4.702018765539734,-0.01838394672328114,-3.927121914096125e-06,9.294884094966228,13633265.167007484,0.4781449914883804,29.4458122581792,8.132664272056925,14.015173420288788,6.817797483657735e-05
A1_shutin,CRBG,pulsed,24.151074560711645,7.247389049645116,12.438715974757029,4.665037088324513,-0.04299148199059921,-3.16938739895475e-06,9.684000975743206,18404907.97546016,0.37829890133758465,23.772775659374062,6.868962433019835,12.060331908195025,5.2616405301537976e-05
A1_sa0.1_shutin,MHOW,pulsed,6.909217093437558,1.339947780932074,2.7260937105261522,4.108243952747978,-0.010395634662533126,-1.9108732091017442e-06,371.1452996871238,13633265.167007484,0.4746086077094215,6.434608485728137,0.866069036213495,2.2521735947653045,0.002722350773205056
A1_sa0.1_shutin,CRBG,pulsed,5.75140786555511,1.0772019862588078,2.3109498748994737,4.0908495759350325,-0.008647775689880177,-1.0453721283694757e-06,298.5087328836554,18404907.97546016,0.3768538698944673,5.3745539956606425,0.7016655788862578,1.9343799373703243,0.0016218974486678576
A0_D4,MHOW,pulsed,135.80228296843285,127.53071964330684,134.8798099568986,6.1152399874250944,-0.013140692872312343,-6.22292996655224e-07,12489.045480786748,13633265.167007484,35.812082673446476,99.99020029498638,99.99427798321786,99.99124714465029,0.0916071486015709
A0_D4,CRBG,pulsed,229.37000116806874,202.01206058821833,225.4492434797604,6.296298446306392,-0.05987418880703821,-1.13433822318391e-06,135113.89190342327,18404907.97546015,129.92964906348155,99.44035210458719,99.47381397526554,99.44269586710612,0.7341188126752654
A0_sa0.1_D4,MHOW,pulsed,49.18220674965246,36.439151133858246,48.26454588425349,5.420545173618897,-0.026158486224963085,2.511156712044014e-07,11820457.838534785,13633265.167007484,32.61830170348378,16.563905046168678,14.047065358013167,16.573578338770282,86.70305824565274
A0_sa0.1_D4,CRBG,pulsed,15.296214226315334,0.0,11.379986125240901,5.554588654827381,-0.03315254260004252,-1.199189360591287e-06,39732749.039477445,18404907.97546015,15.25898211025124,0.037232116064092935,0.0,0.030479233361244695,215.88126978116046
A1_D4,MHOW,pulsed,38.81278140690154,11.652107832980176,21.879048497795313,4.687248191423362,-0.036552495292029974,-2.9163227306466135e-06,20.74168731819797,13633265.167007484,0.505684172226451,38.30709723467509,11.146819963297515,21.373543466951162,0.00015214027647898228
A1_D4,CRBG,pulsed,33.28836306823955,9.854774400317664,19.471874025121092,4.640488367887609,-0.07085745933231458,-2.244978700315426e-06,16.63341927536128,18404907.97546015,0.4068675710878837,32.88149549715166,9.44779015341884,19.064921928980255,9.037491139612949e-05
A1_sa0.1_D4,MHOW,pulsed,9.864846981541094,1.5547102571207907,3.826830397105874,4.095195293238702,-0.015244747672559456,-1.0727095256778117e-06,493.47292054143634,13633265.167007484,0.5013048516373266,9.363542129903767,1.0541175554095656,3.326189458182391,0.00361962387217144
A1_sa0.1_D4,CRBG,pulsed,8.612080140961647,1.254992572114166,3.3151227793868325,4.065100733640771,-0.016278616635382548,-6.099960857356472e-07,221.8742694310271,18404907.97546015,0.40583610479154997,8.206244036170096,0.8504579346026898,2.909523053370444,0.0012055168639085788
A0_D1,MHOW,pulsed,135.34168119375656,126.61076631818338,134.41920189944378,6.082443959715803,-0.009217934499137215,-5.395159229152083e-07,12524.095296457572,13633265.16700749,35.353259373317506,99.98842182043904,99.99238023517452,99.98937563440742,0.09186423899951636
A0_D1,CRBG,pulsed,226.75643191068824,198.68102485732823,223.19214991697075,6.3085158693752685,-0.05266414971286082,-9.767802899344953e-07,155595.0473057785,18404907.975460116,127.33060391565267,99.42582799503556,99.47068325729099,99.42963157663242,0.8453997570280637
A0_sa0.1_D1,MHOW,pulsed,38.07457226599584,27.82589188365578,37.156949760966,5.408701865737851,-0.023192945152080924,-6.853894773125534e-08,13272033.298937023,13633265.16700749,32.28711586155597,5.787456404439872,5.996194249613058,5.7882017383902244,97.35036424770313
A0_sa0.1_D1,CRBG,pulsed,15.563021992310944,0.0,11.999011347992342,5.639181853588856,-0.03365662535396119,-1.5489523575406677e-06,39223051.55507434,18404907.975460116,15.435585574684971,0.12743641762597235,0.0,0.026952014733373275,213.11191344923733
A1_D1,MHOW,pulsed,38.46096567758064,11.235502436226216,21.842182363029398,4.725412868097055,-0.032281528353914624,-3.927782490707149e-06,20.989786058546784,13633265.16700749,0.505680350294581,37.955285327286056,10.73024931476561,21.336686058157976,0.00015396008073944076
A1_D1,CRBG,pulsed,32.77875181929307,9.734770267343487,19.54595466628287,4.697251341877159,-0.06527433391296,-2.8251516996889536e-06,16.638738240997878,18404907.975460116,0.4068632456254893,32.37188857366758,9.327778874936316,19.139005679744272,9.040381110942184e-05
A1_sa0.1_D1,MHOW,pulsed,9.853941773247357,1.507623869336541,3.829009913665162,4.131848563158365,-0.014937187023067011,-8.131757461473617e-07,496.09906605460924,13633265.16700749,0.5012899839672134,9.352651789280143,1.0070520985963742,3.3283881112312317,0.0036388866495105613
A1_sa0.1_D1,CRBG,pulsed,8.605517880534522,1.2175498639927553,3.3377612228968814,4.121696340819078,-0.015962019462651966,-4.7279653944948623e-07,325.4830545755512,18404907.975460116,0.4052717633428205,8.200246117191702,0.8135760711711443,2.9327483929438154,0.0017684579298604954
A0_Dshort,MHOW,pulsed,135.3209929896323,127.05478658753464,134.39844311525601,5.832729568719813,-0.011229503329722945,-7.731059339786486e-07,14963.379308868656,13633265.167007478,35.352643759727556,99.96834922990473,99.97783397871231,99.96879774483146,0.10975638723055176
A0_Dshort,CRBG,pulsed,208.53503288251568,180.52671985059007,204.98188400589885,5.874079433261102,-0.04804902896864682,-1.1696740461071076e-06,3574719.666246913,18404907.97546016,127.79162802564552,80.74340485687016,80.84718779707849,80.75832850037851,19.42264351994152
A0_sa0.1_Dshort,MHOW,pulsed,41.58789688419907,30.13805362181992,40.67032496821942,5.137577800000618,-0.024998673277842443,-2.801749850550048e-07,12793055.207093628,13633265.167007478,32.16021268399827,9.427684200200801,8.374309527324826,9.427707869685467,93.83705994403189
A0_sa0.1_Dshort,CRBG,pulsed,15.372424296336709,0.0,11.700885032551154,5.261168800774794,-0.03683119149576264,-1.4791872678946902e-06,39323931.37517061,18404907.97546016,15.514332752194427,-0.1419084558577186,0.0,-0.23251664390280347,213.66002713842653
A1_Dshort,MHOW,pulsed,56.24293146573785,17.798442559450848,36.18537231467334,4.512190909634076,-0.07198030235556274,-3.3324197460874387e-06,47.31219236277454,13633265.167007478,0.5607294588911187,55.68220200684673,17.23813598991651,35.62482403185603,0.00034703493098095175
A1_Dshort,CRBG,pulsed,48.43463639436354,15.184391887100965,31.673393606551745,4.481991320950466,-0.11506091035050403,-2.7405020622084873e-06,34.64977473982956,18404907.97546016,0.4568208456296573,47.97781554873388,14.727475048274956,31.2164874415189,0.00018826377608640687
A1_sa0.1_Dshort,MHOW,pulsed,15.597266429666714,2.121570312373751,5.903891007354937,3.951821085236429,-0.02450181245007066,-4.962783657426286e-07,1778.7560508513143,13633265.167007478,0.5471252424654712,15.050141187201243,1.577327678235794,5.3574401726392,0.01304717563299441
A1_sa0.1_Dshort,CRBG,pulsed,13.420583907538319,1.7149380732240065,5.086703389132142,3.942386120044203,-0.028921230394585606,-3.1672120925754935e-07,1578.8086684702828,18404907.97546016,0.4485144018605976,12.972069505677721,1.2677873790740697,4.638441503207999,0.008578193765355187
A0_Dlong,MHOW,pulsed,135.80810734981162,127.52303811564664,134.88543119223536,6.259819154554646,-0.011346040740018992,-5.093182141075296e-07,11874.301213904662,13633265.16700748,35.81225194610232,99.9958554037093,99.98650398776408,99.99694239052548,0.08709799940399081
A0_Dlong,CRBG,pulsed,229.27927079494017,201.90647290210282,225.7117685067313,6.35767968412354,-0.061395070663477824,-9.082728217723717e-07,86464.59504914653,18404907.975460157,129.74869596098745,99.53057483395273,99.55051664607895,99.53116987478396,0.4697909664336953
A0_sa0.1_Dlong,MHOW,pulsed,48.986476923007245,36.2633892923079,47.97446243446603,5.592411023016662,-0.025579045535852885,3.3346572391843076e-08,11847139.443558656,13633265.16700748,32.77911341095165,16.207363512055593,13.716559319174952,16.407102376351762,86.89876781850285
A0_sa0.1_Dlong,CRBG,pulsed,15.057617532095884,0.0,11.219665092870196,5.688216215270361,-0.03233258876085543,-1.3224333138789975e-06,39710857.002491005,18404907.975460157,15.178910693356402,-0.12129316126051748,0.0,-0.37911641928444695,215.7623230468674
A1_grid25,MHOW,single,36.89090326464438,11.116642379008288,17.94745006790106,4.384615081300122,-0.03334978308117442,-3.7667966807664813e-06,11.975331224371665,13633265.167007504,0.4781225202851981,36.41278074435918,10.638970259991837,17.469519209681007,8.783905453076613e-05
A1_grid25,MHOW,continuous,37.06158531046999,8.848056903284766,17.75012235601911,4.929148994091784,-0.0325922895871269,-2.40291602728982e-06,6.50654556697261,13633265.16700746,0.47816609636780183,36.583419214102186,8.370317092639207,17.272140517176453,4.7725511733744234e-05
A1_grid25,MHOW,pulsed,43.53328529656333,13.002896589370177,23.284397941180845,4.881571460159074,-0.04426879794628036,-2.424034123336732e-06,16.854199763319933,13633265.167007484,0.49650444087567863,43.03678085568765,12.506783928965385,22.788075927048705,0.00012362555526395183
A1_grid25,CRBG,single,26.776581020399192,8.086662526033363,13.095416049388819,4.345848431072799,-0.05286658083492313,-3.0636391767686337e-06,13.63761584418921,18404907.9754601,0.3711155951358847,26.40546542526331,7.715413336624919,12.72421321051568,7.409771275342813e-05
A1_grid25,CRBG,continuous,26.99927465218801,6.887780250645219,13.100316841263703,4.918783266068193,-0.052660673012402626,-1.7708164513879975e-06,3.250877731272005,18404907.975460015,0.37118220578714084,26.62809244640087,6.516466652411526,12.729049193460657,1.7663102339911333e-05
A1_grid25,CRBG,pulsed,37.12304319874443,11.24231303810583,20.768240120438303,4.828406462096919,-0.08074025688008568,-1.9822154634249976e-06,10.536562557746231,18404907.97546016,0.39975044263647863,36.72329275610795,10.842437613395525,20.368405311535,5.72486565637544e-05
A1_grid100,MHOW,single,29.25364710085837,9.757158707090241,15.103620680766698,4.073062356499883,-0.019189888261394117,-1.9090809944581054e-06,589.4236570145716,13633265.167007504,0.48309331419747537,28.770553786660894,9.274519650911305,14.620719938072481,0.004323422524201881
A1_grid100,MHOW,continuous,28.633635599123263,7.487060785065047,14.277557182677265,4.694126421615349,-0.017609613707136873,-1.2857430427110622e-06,10.400347179974588,13633265.16700746,0.48274171248825604,28.150893886635007,7.0047393799044055,13.794997834930951,7.628654656511381e-05
A1_grid100,MHOW,pulsed,36.542997839448084,11.921349962728007,21.174032645938432,4.541250701622277,-0.03180886645945158,-3.1385255144058183e-06,23.15792871190818,13633265.167007484,0.5102689034329392,36.03272893601515,11.411468681235661,20.66394501370371,0.0001698634071018467
A1_grid100,CRBG,single,22.368215605550308,7.816916246067298,11.970847123696204,4.05072458136696,-0.03842611553948494,-1.6305157083447548e-06,675.8171669458094,18404907.9754601,0.3782411822337545,21.989974423316553,7.438541776813222,11.59251846873616,0.0036719399404055685
A1_grid100,CRBG,continuous,23.058887364681087,6.1485975343240415,12.149785211415814,4.642246183096729,-0.041366945959058654,-1.2746324228102333e-06,8.323016811356508,18404907.975460015,0.3818830304773533,22.677004334203733,5.766586574475295,11.767817178695845,4.522172467503729e-05
A1_grid100,CRBG,pulsed,29.926807875140803,9.978246674818237,17.9881150320435,4.518535556539178,-0.059471132498934764,-2.45634358557042e-06,17.20467440755889,18404907.97546016,0.40686073263711015,29.519947142503693,9.571261130708614,17.581168946734472,9.347873094773645e-05
A1_amb0.1,MHOW,single,100.94593107668501,21.421779272065006,51.46242191578405,4.219458663534399,-0.16761117734540676,-9.049438536852482e-07,132.29710178712892,13633265.167007504,0.9467405929413558,99.99919048374366,20.843143013662196,50.79164024513548,0.0009703992416085903
A1_amb0.1,MHOW,continuous,100.94595844424519,18.970323459744055,50.80269547478698,4.865311089139592,-0.16641859358969313,-9.162253062412176e-07,125.50851659175721,13633265.16700746,0.9467943800588438,99.99916406418635,18.400808374720334,50.13339326149865,0.0009206049692005419
A1_amb0.1,MHOW,pulsed,100.97344836015678,24.63505901617032,57.57430905794227,4.702018765539734,-0.16665249101925106,-1.2590515557144768e-06,138.18058472102916,13633265.167007484,0.9651356169072999,100.00831274324948,24.028839758774872,56.88513805554331,0.00101355458892875
A1_amb0.1,CRBG,single,98.92682010254691,15.248921193705614,34.6724299138212,4.188547281309213,-0.28050171085560827,-3.2897752038111854e-06,112.94694629434146,18404907.9754601,0.6781148508283862,98.24870525171853,14.80639848081207,34.172800160742185,0.000613678408199256
A1_amb0.1,CRBG,continuous,97.94696526280144,13.024500367739012,34.108467432193194,4.8139311994758645,-0.2747582782136213,-2.8712820353651217e-06,87.99362803213019,18404907.975460015,0.6782354237713875,97.26872983903006,12.581860000250396,33.60869796852886,0.0004780987123079101
A1_amb0.1,CRBG,pulsed,100.70626697517196,17.68440714207306,40.19448998527696,4.665037088324513,-0.28289262466937615,-3.2706824088650222e-06,97.26296914654857,18404907.97546016,0.7067787497525311,99.99948822541943,17.213207482437955,39.6661901865306,0.0005284621323629129
A1_amb1,MHOW,single,63.825919550670854,59.51103087831165,61.03514122668471,4.161321874899936,-0.0929146648011443,-1.160719653970237e-06,5633060.788196369,13633265.167007504,5.082778274135577,58.743141276535276,58.12266529766647,58.72330968202223,41.31850088142035
A1_amb1,MHOW,continuous,88.69789564951168,63.31816929473977,85.89136343069225,4.977032655142044,-0.15079714016330392,-1.2412275819532482e-06,2244707.276631707,13633265.16700746,5.089798439227302,83.60809721028437,61.933471836555405,83.57713675534478,16.464927874093615
A1_amb1,MHOW,pulsed,69.41316564585021,61.699532121460535,66.62709986696507,4.776733484468808,-0.10170318937640666,-9.962745345382213e-07,4873847.832666944,13633265.167007484,5.106390425417106,64.30677522043311,60.22323663915107,64.29028143220177,35.74967385261208
A1_amb1,CRBG,single,57.90733843902706,47.6811039032376,56.107622732810725,4.188547281309213,-0.11478082717651361,-1.7049053043551628e-06,8371823.435647898,18404907.9754601,3.3562857632373113,54.55105267578975,46.71050084932291,54.54056547605053,45.486907333686965
A1_amb1,CRBG,continuous,66.47607414412678,44.31402094794535,64.66801614332765,4.887218921415889,-0.1460553043878665,-2.1143491980057096e-06,6796068.833696741,18404907.975460015,3.358454741498376,63.11761940262841,43.34181371707782,63.10237814399612,36.925307329752506
A1_amb1,CRBG,pulsed,56.67817511162101,48.039900187720896,54.87859606143257,4.716589189451889,-0.10653968802018099,-1.8677741715754904e-06,8601996.984138489,18404907.97546016,3.3779404843496117,53.300234627271394,47.0047874781872,53.286403718395434,46.73751694715236
A1_Dlong,MHOW,pulsed,32.8972661672851,9.221327237594572,16.946222014137067,4.817333132949852,-0.02287424272623184,-4.1293401372586735e-06,12.59889242997225,13633265.16700748,0.4873289155731364,32.409937251711966,8.734406187060635,16.45907560599227,9.241287597384658e-05
A1_Dlong,CRBG,pulsed,26.431416596940043,7.660303642710177,14.23475987873471,4.772472813755508,-0.04839094809280908,-3.024950200105123e-06,7.603814873529088,18404907.975460157,0.3854627381157243,26.04595385882432,7.274712887048221,13.84921227474292,4.1314060812841306e-05
A1_sa0.1_Dlong,MHOW,pulsed,7.888105868477588,1.3176462358319645,3.0722064631407773,4.206663064739511,-0.011844058807179536,-1.327577389709921e-06,18.099293018376695,13633265.16700748,0.4863808440324208,7.4017250244451676,0.831976716518582,2.5864910343140086,0.00013275831428979324
A1_sa0.1_Dlong,CRBG,pulsed,6.486213179956144,1.060397634217953,2.5637915533988127,4.185401939783568,-0.010485804404531507,-7.404338990520494e-07,27.530640747269366,18404907.975460157,0.3854708400416414,6.100742339914503,0.6762461861407797,2.1785867427432635,0.00014958314806016329
A1_w0.5,MHOW,pulsed,35.655829737713425,10.781244818560314,19.30151983612444,4.702018765539734,-0.029426435660466765,-3.582454094897578e-06,16.445750919962965,13633265.167007484,0.4965069815509294,35.159322756162496,10.285132550152674,18.805196370607604,0.00012062958299792848
A1_w0.5,CRBG,pulsed,28.634894040093567,9.001658838731109,16.06418286703506,4.665037088324513,-0.0560676486991607,-2.839696345992161e-06,13.266598835355346,18404907.97546016,0.3925820245904947,28.24231201550307,8.608950293738497,15.671515814174592,7.208185367209722e-05
A1_sa0.1_w0.5,MHOW,pulsed,8.841438997248426,1.5147464564497262,3.443743784638027,4.108243952747978,-0.013489708839157899,-9.936961549814545e-07,383.063306513809,13633265.167007484,0.4929179221774916,8.348521075070934,1.0225465472938038,2.9514992929247468,0.002809769353278792
A1_sa0.1_w0.5,CRBG,pulsed,7.196384814148684,1.2187301783826605,2.841471399329303,4.0908495759350325,-0.012472102410230335,-6.166497783610298e-07,312.0283449308255,18404907.97546016,0.39107166999804094,6.8053131441506425,0.8289728646432988,2.450669167881527,0.0016953540074574815
A1_w2.0,MHOW,pulsed,47.56543058639509,15.406489302342036,28.90238233625379,4.702018765539734,-0.05314221709931921,-3.539787333882001e-06,32.97089651817965,13633265.167007484,0.5332147678869028,47.032215818508185,14.873659085859723,28.369347458526278,0.000241841525960848
A1_w2.0,CRBG,pulsed,42.07681085021775,13.107164781423311,26.03866849638234,4.665037088324513,-0.09481083942520563,-2.7487996838446473e-06,23.506668750460236,18404907.97546016,0.4354317851024607,41.64137906511529,12.671635881803445,25.603151243292203,0.00012771956687750036
A1_sa0.1_w2.0,MHOW,pulsed,12.740902807283575,1.9425207388079977,4.819043582364336,4.108243952747978,-0.019786933167972975,-5.651421026005329e-07,407.0945458666566,13633265.167007484,0.5295656556235686,12.211337151660008,1.413675668663838,4.290150655289774,0.0029860384939319295
A1_sa0.1_w2.0,CRBG,pulsed,11.32208865335547,1.5561674218167632,4.216530559370503,4.0908495759350325,-0.023281924373662832,-2.482529223945579e-07,352.2217971446141,18404907.97546016,0.43373130711135627,10.888357346244113,1.1237471070482885,3.7830459391617333,0.0019137384311523993
A1_Dshort_vol,MHOW,pulsed,38.58859206682531,11.814412458667745,21.950759609736647,4.512190909634076,-0.03611075123112073,-3.3765842714149883e-06,21.990829004501265,13633265.167007478,0.5056733825654237,38.08291868425989,11.309159714460986,21.44526900455093,0.00016130273074801702
A1_Dshort_vol,CRBG,pulsed,32.88454666162297,10.097395230737472,19.58851853958237,4.481991320950466,-0.06960441786753435,-2.5906196117255895e-06,20.169212680024327,18404907.97546016,0.4068439481131139,32.477702713509856,9.690423671912253,19.18158933561308,0.00010958605556146528
A1_sa0.1_Dshort_vol,MHOW,pulsed,9.853053930425098,1.5588127827644118,3.8829532009349976,3.951821085236429,-0.015236632852699827,-8.028743420475224e-07,1279.252895079722,13633265.167007478,0.49554734179791243,9.357506588627185,1.0639844768347677,3.388075592855248,0.009383319985409776
A1_sa0.1_Dshort_vol,CRBG,pulsed,8.600555741810389,1.2732110546777098,3.3843930922542977,3.942386120044203,-0.016297228790129736,-4.6300994564427563e-07,1386.0360945429475,18404907.97546016,0.39952786001973795,8.201027881790651,0.8749994134477108,2.9851364352648506,0.007530796113683332
A1_Dlong_vol,MHOW,pulsed,38.83495019584735,10.962659192925026,21.707525215555208,4.817333132949852,-0.034454539856104915,-3.84501907315288e-06,19.67180665847648,13633265.16700748,0.5056915996676409,38.329258596179706,10.45736573399961,21.20201365263672,0.0001442927018399252
A1_Dlong_vol,CRBG,pulsed,33.25498080528864,9.219133164599079,19.241059122942463,4.772472813755508,-0.06799051615616314,-2.6391383619794746e-06,12.558527452825444,18404907.975460157,0.406888702001945,32.848092103286696,8.81214576895371,18.834085154424056,6.823466582701812e-05
A1_sa0.1_Dlong_vol,MHOW,pulsed,9.844633612920067,1.477527502083351,3.745151869144655,4.206663064739511,-0.014992509701102108,-7.218144286165546e-07,30.007439446895837,13633265.16700748,0.5047061883079834,9.339927424612084,0.9735379320830698,3.241111910244115,0.00022010456834298126
A1_sa0.1_Dlong_vol,CRBG,pulsed,8.576763234195516,1.1649035424879988,3.22793487241461,4.185401939783568,-0.015946314604228462,-4.312232913572308e-07,47.41473563569754,18404907.975460157,0.4067858669778262,8.16997736721769,0.7594300667709939,2.821377521264291,0.00025762006362062284
A1_coinj,MHOW,continuous,38.797237790167664,11.144742935598478,21.856819072277304,4.876244785189521,-0.036482796559285546,-2.3961297382023184e-06,20.651358687325605,13633265.16700746,0.5056854759231622,38.2915523142445,10.639460719216226,21.35131129869976,0.00015147771597153376
A1_coinj,CRBG,continuous,33.27606730526478,9.409494246115683,19.440446533411706,4.816699708278205,-0.07055836482754962,-1.9740507562157757e-06,16.615049455956168,18404907.975460015,0.40686810701732856,32.86919919824745,9.002527929528872,19.033494064815745,9.027510204402904e-05
A1_sa0.1_coinj,MHOW,continuous,9.862719280082603,1.4890945648477327,3.823202096387708,4.255674671567452,-0.015237134303244915,-8.078970257272338e-07,285.7093472954365,13633265.16700746,0.5028291838678295,9.359890096214773,0.9869806123717471,3.3210372146839076,0.0020956780624120327
A1_sa0.1_coinj,CRBG,continuous,8.607162868913578,1.1950714051325668,3.3098271002431376,4.218909476935336,-0.016257524430436376,-4.955988514631403e-07,160.240435026216,18404907.975460015,0.40617104981785035,8.200991819095728,0.790224680730362,2.9038923514877135,0.0008706396969757786
A1_amb0.01,MHOW,continuous,44.15221971435738,8.915799194763881,19.07084806410358,4.876244785189521,-0.04757703962176585,-2.8807112044893942e-06,20.46085720598402,13633265.16700746,0.5241020909459375,43.62811762341144,8.428886255910474,18.574510242260782,0.0001500803876058932
A1_amb0.01,MHOW,pulsed,52.764106407742304,13.512916400975028,26.037860284663882,4.702018765539734,-0.06350505154966868,-4.00102863085531e-06,33.10157351167683,13633265.167007484,0.5516308364637328,52.212475571278574,12.998446179427916,25.513991602276672,0.0002428000417081498
A1_amb0.01,CRBG,continuous,32.66206723163537,7.090493013302035,15.20682870435699,4.816699708278205,-0.07092757924935,-2.5765032544894618e-06,13.026825553968997,18404907.975460015,0.40689683319431413,32.25517039844105,6.704901098317688,14.814136980034554,7.077908550989864e-05
A1_amb0.01,CRBG,pulsed,41.19505524010111,11.229043190641997,21.400667985369683,4.665037088324513,-0.09334289414572261,-3.3933213029555334e-06,24.417915241481246,18404907.97546016,0.4354421660865728,40.75961307401454,10.814917563159922,20.97943183585952,0.00013267067281204784
A1_amb0.03,MHOW,continuous,69.34243050252279,11.279647606409432,26.707658834932783,4.876244785189521,-0.09690326767541535,-1.9057541460436833e-06,44.80472578379418,13633265.16700746,0.6160038213735712,68.72642668114922,10.774367643429988,26.174587587710267,0.00032864266362413126
A1_amb0.03,MHOW,pulsed,78.21939505952957,16.1541862573071,33.23692631345032,4.702018765539734,-0.11354278089655345,-2.8438427171481885e-06,56.08808962445594,13633265.167007484,0.6435347171192368,77.57586034241034,15.612176115766916,32.67631777047407,0.0004114061373953848
A1_amb0.03,CRBG,continuous,48.44749901579059,8.460422886013335,19.525034012592812,4.816699708278205,-0.11937711994211853,-2.575044476204349e-06,31.779828107156067,18404907.975460015,0.4711718468191654,47.97632716897142,8.060583840177,19.110924079240647,0.00017267039938221562
A1_amb0.03,CRBG,pulsed,56.9644082675656,12.629022559973768,25.774932866986884,4.665037088324513,-0.14221480429210942,-3.0456796947291553e-06,42.35077838585214,18404907.97546016,0.49257874212945685,56.47182952543614,12.200627361883422,25.33227425435174,0.00023010589589646282
A1_amb0.3,MHOW,continuous,99.91224959520932,36.793173869477144,93.60599148475234,4.905553942167753,-0.17575963358585334,-9.07810817741516e-07,268981.8140055616,13633265.16700746,1.8654075317535743,98.04684206345574,36.040180946843925,92.5695536967863,1.9729816057307998
A1_amb0.3,MHOW,pulsed,100.38806047785182,46.718949316591065,96.98106979783076,4.693631548395031,-0.1772694838059845,-1.2030114015478524e-06,207878.30864831578,13633265.167007484,1.8929572160459238,98.4951032618059,45.920053721490845,95.92456170386359,1.524787393935398
A1_amb0.3,CRBG,continuous,97.82663389284998,24.994151266048693,73.03760456200168,4.76702273782561,-0.2727699537667636,-3.047968630049944e-06,637856.7971046132,18404907.975460015,1.270923949542303,96.55570994330768,24.43732742598141,72.30226146984754,3.4656885976017513
A1_amb0.3,CRBG,pulsed,99.08707728994453,31.025199032438174,76.6528805420534,4.633932649708975,-0.2778961709878498,-3.41760369523111e-06,409819.7830594758,18404907.97546016,1.2994787068517855,97.78759858309274,30.425542222541587,75.88898419497833,2.226687487956481
A1_amb1_L50,MHOW,continuous,109.1886413386067,75.71633303296723,106.43011953824264,5.35274409395931,0.009701876608723126,-2.354315773056005e-07,1144.7634353737717,13633265.16700746,9.19148191443452,99.99715942417218,70.20552455144448,99.99808295188956,0.008396839798466638
A1_amb1_L50,MHOW,pulsed,109.23348672470713,87.15531677582992,106.47504375642156,5.1555687513996675,0.010655169367895567,-3.4780330742325846e-07,1163.1226735071327,13633265.167007484,9.237242546095223,99.99624417861192,81.55226810166218,99.99726208224193,0.008531504810174829
A1_amb1_L50,CRBG,continuous,106.56139589723917,56.49778069945464,104.7810516171117,5.224467419258581,-0.00615703790784039,-2.3066954287970934e-06,853.2500379648706,18404907.975460015,6.567823294360419,99.99357260287874,52.321153696336026,100.00051887833743,0.00463599187294249
A1_amb1_L50,CRBG,pulsed,106.59622464170695,70.40790397752478,104.78060223606799,5.044501941339018,-0.005191248181974473,-1.484563072059059e-06,865.7715851101686,18404907.97546016,6.567934799522229,100.02828984218472,66.1596933751651,99.99727090009158,0.004704025612431906
A1_amb0.3_L50,MHOW,continuous,105.97403425685614,42.65705517518252,99.55745254298378,5.100618063687251,0.014172551706291614,-1.0796340994630853e-06,341.985116602156,13633265.16700746,5.976070582859648,99.9979636739965,37.788307818357,94.4106483591917,0.0025084608302768214
A1_amb0.3_L50,MHOW,pulsed,106.01975680824695,54.673456289858,103.63841869910144,4.948228288976519,0.015129214290562132,-2.1081739643787456e-07,357.51649511665454,13633265.167007484,6.021954585675317,99.99780222257164,49.7585673948984,98.44563500541153,0.002622383491680664
A1_amb0.3_L50,CRBG,continuous,104.45958513459435,30.588755647626236,75.50686144738737,5.010433748889438,-0.005807887234018594,-3.1980557520253605e-06,242.95701968349704,18404907.975460015,4.4616222348017445,99.99796289979261,26.840024449200516,71.58002129896518,0.001320066473613675
A1_amb0.3_L50,CRBG,pulsed,104.49521057618836,38.678074937451306,80.58938851160593,4.918924131472676,-0.004654204485333935,-9.957802344874316e-07,257.9180678282742,18404907.97546016,4.497274111041278,99.99793646514708,34.89370190694549,76.62692849906465,0.001401354835200287
A1_tu800,MHOW,continuous,29.983488465614037,7.664812056579744,14.516708303099055,4.888977160108209,-0.0174166214853404,-5.5160290804212725e-06,8.359010146436276,13633265.167007476,0.47815194060717525,29.50533652500686,7.18708793240308,14.038740912090256,6.131333942411018e-05
A1_tu800,MHOW,pulsed,38.80941287960368,11.254396279447723,21.913631815013247,4.714588990494188,-0.03450818131626576,-5.362589166032231e-06,20.77331916666759,13633265.167007513,0.5056837991677401,38.303729080435936,10.749118834368462,21.40812663700465,0.0001523722960875066
A1_tu800,CRBG,continuous,24.22690419999476,6.376741044815113,12.403712422080178,4.8399136753092575,-0.04243598561438411,-3.4254173653467897e-06,5.264680324320096,18404907.975460127,0.3783243700046799,23.84857982999008,5.998287050004559,12.025303138958073,2.8604763095472515e-05
A1_tu800,CRBG,pulsed,33.2602725387245,9.47762405709688,19.47246223479635,4.673612178797955,-0.06863604670471446,-3.4493591501102894e-06,16.657151464302242,18404907.97546013,0.40686758209684787,32.85340495662765,9.070657839181354,19.065510223553428,9.050385628937548e-05
A1_tu1600,MHOW,continuous,29.976632020899054,7.650679050274643,14.503531512356775,4.8795876057628425,-0.01906013424055608,-5.877257439438005e-06,8.31792693031561,13633265.167007558,0.4781524320378079,29.498479588861244,7.172952760090719,14.025563357885448,6.1011994033864724e-05
A1_tu1600,MHOW,pulsed,38.82642069955688,11.219431170350372,21.89648357990463,4.696059908293376,-0.036211385997884094,-5.216043332945923e-06,20.737735197483314,13633265.167007469,0.5056843406245417,38.320736358932336,10.71415071400484,21.39097734549506,0.00015211128767354045
A1_tu1600,CRBG,continuous,24.225521474305545,6.375384628929827,12.3940043337387,4.822402714863535,-0.044157803479714985,-4.099644275028847e-06,5.261597272693335,18404907.975460082,0.37832519325011377,23.84719628105543,5.9969300214193115,12.015594205971762,2.8588011848300517e-05
A1_tu1600,CRBG,pulsed,33.2861079934688,9.474491634667977,19.46426882685177,4.6497872753633995,-0.07044980106157084,-2.9920132651779214e-06,16.639623740601373,18404907.97546015,0.40686880326018815,32.87923919020861,9.067523656821654,19.05731568871736,9.0408622323934e-05
A1m_glass0.5,MHOW,continuous,32.25028132746085,8.312895743966164,15.541333567497986,4.910371805006332,-0.038570132106841015,-2.079606560910649e-06,11.370859543904992,13633265.16700746,0.4780091437471076,31.77227218371374,7.835717812096109,15.063657660135366,8.340525475454335e-05
A1m_glass0.5,MHOW,pulsed,41.09282804915337,13.376920662227096,23.436401786963007,4.736483947485482,-0.054257285505627806,-3.3366040426413403e-06,27.74627208157373,13633265.167007484,0.5055106969576526,40.58731735219572,12.872169294721953,22.931220431313616,0.0002035189057183435
A1m_glass0.5,CRBG,continuous,26.488683867706108,7.145991243113971,13.646621746623651,4.862091141338938,-0.055926424972946975,-1.6391566645949947e-06,7.380617708222336,18404907.975460015,0.3783557304786533,26.110328137227455,6.767547407797056,13.268192287443922,4.0101356214674925e-05
A1m_glass0.5,CRBG,pulsed,35.46907519821413,11.752840809424411,21.35406597765444,4.708993057090515,-0.0812578417835077,-2.444350915964628e-06,19.839630776683677,18404907.97546016,0.40688804792873895,35.06218715028539,11.345890344725184,20.94710427754586,0.00010779532721998109
A1m_glass1.5,MHOW,continuous,28.207994218726167,7.110309695611412,13.582462802969772,4.844448967337292,-0.004304504354475824,-2.3620478847278894e-06,6.3798724225664385,13633265.16700746,0.47820727030053095,27.729786948425637,6.6324219910095765,13.104393984693107,4.679636421952496e-05
A1m_glass1.5,MHOW,pulsed,36.811752337117525,11.35962597927064,20.534144813694482,4.67157263146052,-0.020327599257447204,-3.7004730997504863e-06,17.631544702244913,13633265.167007484,0.5057463719152772,36.306005965202246,10.85416968002559,20.028534649027176,0.00012932738039096657
A1m_glass1.5,CRBG,continuous,22.524689203823232,5.747842383897369,11.397012958262573,4.778062999684008,-0.03753610696402632,-2.043217783001086e-06,5.003471313655034,18404907.975460015,0.37830963750611,22.146379566317123,5.3693959752712,11.0186202725622,2.7185527470859178e-05
A1m_glass1.5,CRBG,pulsed,31.245537149472213,9.439881932818087,17.858863301024822,4.62756860466622,-0.06089595768966127,-2.6624512508405717e-06,13.684161128341884,18404907.97546016,0.4068678781253005,30.838669271346912,9.032882253215247,17.45191232185752,7.435060879732408e-05
A1m_diop0.5,MHOW,continuous,29.23388018070433,7.3655442545294925,14.128293335804875,4.802061030656509,-0.013778252023330495,-1.7892156503019134e-06,7.923279858701106,13633265.16700746,0.4781636374293878,28.755716543274943,6.8877868806948666,13.650305092647043,5.8117257763572774e-05
A1m_diop0.5,MHOW,pulsed,37.79667249149707,11.81172971287676,21.41148410120775,4.616752536809934,-0.0281399092715926,-3.050352193744098e-06,20.3020294876613,13633265.167007484,0.5056943952976275,37.290978096199446,11.306404262762591,20.905962229506947,0.0001489153862919958
A1m_diop0.5,CRBG,continuous,23.074948907828706,5.977875001456355,11.834227617891157,4.722621927427086,-0.03598346060164559,-2.0524972694443505e-06,5.190257728065175,18404907.975460015,0.3783219853748774,22.696626922453827,5.599421521846789,11.455820419066645,2.8200400322487617e-05
A1m_diop0.5,CRBG,pulsed,31.76985926090015,9.8352358201083,18.64146104748155,4.560447596305894,-0.057732301031343525,-2.7121510930674467e-06,16.61347390172185,18404907.97546016,0.40686306254235194,31.3629961983578,9.428246428589604,18.234512714192647,9.026654153268853e-05
A1m_diop1.5,MHOW,continuous,30.59569578663818,7.814811763554741,14.758841650603207,4.920216097138875,-0.02493371123267707,-2.041944006549971e-06,8.696373497508949,13633265.16700746,0.4781423951468501,30.11755339149133,7.337114879398061,14.280891707014288,6.378789960422833e-05
A1m_diop1.5,MHOW,pulsed,39.43945651385013,12.500016534274232,22.18802659516326,4.757489451943407,-0.04205258585235505,-3.5119133843474136e-06,21.617720969524665,13633265.167007484,0.5056693107759819,38.933787203074154,11.994751450731595,21.682546408680423,0.0001585659833114636
A1m_diop1.5,CRBG,continuous,25.203832250202336,6.641659537791112,12.858503760257351,4.878504480807335,-0.05220795155073077,-1.6245434087190357e-06,5.3225424915510615,18404907.975460015,0.37832672646697657,24.82550552373536,6.263205248103233,12.480092316452854,2.8919147537427603e-05
A1m_diop1.5,CRBG,pulsed,34.207123650529724,10.886270559896968,20.10389961050981,4.731844033485959,-0.07887700485755111,-2.3504489435120693e-06,16.81334602129965,18404907.97546016,0.40686714887030767,33.80025650165942,10.47928131315257,19.696947674351833,9.135251338239458e-05
A1m_glassk0.1,MHOW,continuous,29.954956140784684,7.6136544505259165,14.490819787891935,4.876325907224133,-0.051006474495286724,-2.2086817216334474e-06,11.833447901377177,13633265.16700746,0.4766188459422944,29.47833729484239,7.137136657671566,14.014261006400943,8.679834035660183e-05
A1m_glassk0.1,MHOW,pulsed,38.72685915277731,12.22237115681106,21.86967768604606,4.702026865015242,-0.0664768214305127,-3.611739071252035e-06,29.526530405497248,13633265.167007484,0.5041065020715639,38.22275265070574,11.718362261237482,21.365630244771623,0.00021657710052432253
A1m_glassk0.1,CRBG,continuous,24.238885278042762,6.346774749837748,12.398525214953269,4.816712930733248,-0.061877499936102254,-1.617267269257635e-06,19.906333578678872,18404907.975460015,0.37836090409220624,23.860524373950554,5.969719183272547,12.020425545535923,0.00010815774577748916
A1m_glassk0.1,CRBG,pulsed,33.108375732593,10.445300084175377,19.44813808916389,4.665037100353253,-0.08790308664562119,-2.678437035371603e-06,46.66164908916035,18404907.97546016,0.4067774645266472,32.70159826806635,10.03979387100889,19.041595683607966,0.00025352829338443734
A1m_glassk10,MHOW,continuous,31.131713003939893,7.999165345944258,14.629699211596144,4.876156878137427,0.3150312016202985,-2.354084809310389e-06,2.829141322169926,13633265.16700746,0.47835651476794583,30.653356489171948,7.520887283050104,14.151380498913118,2.0751751598116465e-05
A1m_glassk10,MHOW,pulsed,38.98804067736677,12.534166357421153,21.923648353022877,4.7019930198989375,0.29194017946106854,-3.586188208611025e-06,7.322114696404104,13633265.167007484,0.5059436193619714,38.4820970580048,12.028297180963246,21.417742654464483,5.370771129812416e-05
A1m_glassk10,CRBG,continuous,24.31183602732219,6.40422986987886,12.409400297095724,4.816689182182563,-0.024167318939779747,-1.959860110286391e-06,5.879134677735034,18404907.975460015,0.37830894833540935,23.93352707898678,6.0259005167363195,12.031088691382715,3.194329841569387e-05
A1m_glassk10,CRBG,pulsed,33.10790966888663,10.472277496916549,19.453007337122447,4.665037060365319,-0.0179417928825778,-2.859274029371972e-06,13.52109156148604,18404907.97546016,0.40687680025367734,32.70103286863295,10.065380097320812,19.046128137648356,7.346459748407399e-05
A1m_logk-0.5,MHOW,continuous,15.271460401204928,3.244606606971015,6.786440980592607,4.55631387490333,0.004737881039732272,-2.1209484914485697e-06,6.321475879178113,13633265.16700746,0.4781825341059505,14.793277867098977,2.766745008610754,6.308409278673185,4.636802557377159e-05
A1m_logk-0.5,MHOW,pulsed,21.72043434429487,5.012380464935976,10.133167551121904,4.3932155254771335,-0.007878962372441123,-2.128497340534427e-06,17.690510325158517,13633265.167007484,0.5057207626730402,21.21471358162183,4.506950644978046,9.627594356037264,0.00012975989323503787
A1m_logk-0.5,CRBG,continuous,12.664133764748456,2.677443512983254,5.756112654530542,4.510225664972523,-0.013543763126259378,-2.295434471743775e-06,5.25247862071866,18404907.975460015,0.3783413253245633,12.285792439423894,2.298978036871927,5.377689948951409,2.8538467172571553e-05
A1m_logk-0.5,CRBG,pulsed,19.170306318254486,4.230333775417293,8.852557686364158,4.36637580909565,-0.03188726495917926,-1.1969922447689375e-06,16.716798007870327,18404907.97546016,0.4068824999112251,18.76342381834326,3.8233341485657233,8.445593784026771,9.082793584276192e-05
A1m_logk+0.5,MHOW,continuous,58.10551066417542,16.451381839317296,27.60981561341586,4.961292358338105,-0.06832031552595907,-1.4763159083877919e-06,9.691242440147597,13633265.16700746,0.47812640058595635,57.62738426358946,15.973822320190582,27.131913846262325,7.108526329848283e-05
A1m_logk+0.5,MHOW,pulsed,67.95049495155713,25.428101707726146,37.36952692527407,4.9294109457631,-0.08276344174661254,-2.7499768362484244e-06,24.00007548797992,13633265.167007484,0.5056424516781441,67.44485249987899,24.922978677872738,36.86410780268247,0.0001760405537043329
A1m_logk+0.5,CRBG,continuous,45.10600332767693,13.770070155467067,22.932066043747366,4.951024975782329,-0.10319982332343791,-1.3303132766214144e-06,5.32050155941354,18404907.975460015,0.378314612246691,44.72768871543024,13.391622420376855,22.55366395614572,2.8908058472813737e-05
A1m_logk+0.5,CRBG,pulsed,54.803030107005505,21.891699189670796,32.56689654767989,4.921100760086044,-0.1269715087290173,-2.6381258160038585e-06,16.841447649642078,18404907.97546016,0.40685213292454436,54.39617797408096,21.484719396529584,32.15995618814585,9.150519889638844e-05
A1m_disp0.05,MHOW,continuous,29.80619775250881,7.1075311929307645,14.084346462258472,4.876244785189521,-0.01918779445743013,-2.314901915512206e-06,8.300227267550934,13633265.16700746,0.47815228038958063,29.328045472119232,6.6298094363228754,13.606379768989052,6.0882167007486275e-05
A1m_disp0.05,MHOW,pulsed,39.033624722457446,11.311735093422127,21.243830568915072,4.702018765539734,-0.0361479021152995,-3.3301754338286414e-06,20.945726572434435,13633265.167007484,0.5056804268149305,38.52794429564251,10.806452660032175,20.73833448753094,0.00015363690440880673
A1m_disp0.05,CRBG,continuous,24.159141917923,5.875614189822995,11.997038505138665,4.816699708278205,-0.044992129322816155,-1.8102527322632838e-06,5.255850218728419,18404907.975460015,0.3783212623371583,23.780820655585842,5.497162440189999,11.618631471260976,2.8556786188424575e-05
A1m_disp0.05,CRBG,pulsed,33.75793140827063,9.666266146890063,18.915363750667897,4.665037088324513,-0.07201278784650889,-2.565994660511769e-06,16.704674737390942,18404907.97546016,0.40686249442216593,33.351068913848465,9.25928041446305,18.508415422780388,9.076206607315726e-05
A1m_disp0.2,MHOW,continuous,30.62200732909496,8.454703521833526,15.229271411494425,4.876244785189521,-0.020534797669336413,-2.1942877535760818e-06,8.300227300759891,13633265.16700746,0.4781531928815641,30.143854136213395,7.976975513871267,14.751301880100193,6.088216725107398e-05
A1m_disp0.2,MHOW,pulsed,39.47175516195363,13.714257043584077,23.229897948013026,4.702018765539734,-0.036716309495966826,-3.6488820703815006e-06,20.94571939679091,13633265.167007484,0.5056832028133733,38.96607195914026,13.20895261410852,22.72439278243502,0.0001536368517754615
A1m_disp0.2,CRBG,continuous,24.796519352712284,7.085234946893181,13.17949597356181,4.816699708278205,-0.04550523000885498,-1.9259298234627243e-06,5.255849237939649,18404907.975460015,0.3783278424062618,24.418191510306023,6.7067787032571085,12.801084160437703,2.8556780859472262e-05
A1m_disp0.2,CRBG,pulsed,33.547741366723294,11.699434680596937,20.7092506457279,4.665037088324513,-0.06916306083164869,-2.967843857852231e-06,16.704481669798263,18404907.97546016,0.4068695325082293,33.14087183421506,11.292441265985353,20.302297140577185,9.076101707257037e-05
A1m_fe0.001,MHOW,continuous,30.012942590208503,7.6504974095937,14.505232008446331,4.876279017368523,-0.01948661983238864,-2.2262815225944366e-06,8.331241181805845,13633265.16700746,0.4781526605097869,29.534789929698718,7.172771915103127,14.027263680462838,6.110965406854604e-05
A1m_fe0.001,MHOW,pulsed,38.73359754764487,12.256925887427684,21.87461508245257,4.702060770616288,-0.035372340372092026,-3.6024526383050667e-06,20.995806648236226,13633265.167007484,0.5056813978565314,38.227916149788335,11.75163218023868,21.369114900006167,0.00015400424176481288
A1m_fe0.001,CRBG,continuous,24.248216766405502,6.368158981083762,12.403526112338518,4.8167355492026305,-0.04453026975754426,-1.7416879998218288e-06,5.25533582669959,18404907.975460015,0.3783246292868905,23.86989213711861,5.989704767055549,12.025116412499214,2.855399132506794e-05
A1m_fe0.001,CRBG,pulsed,33.1084236981279,10.454382391539758,19.45172059717398,4.665085598572949,-0.0692272942978196,-2.758320560868096e-06,16.724308913950242,18404907.97546016,0.4068647048678166,32.701558993260086,10.047393437602144,19.044770760972774,9.086874509912946e-05
A1m_fe0.1,MHOW,continuous,30.01182039204225,7.649534016504957,14.503760673057311,4.875914095305789,-0.019570351394119,-2.2195357846579827e-06,7.952293932025281,13633265.16700746,0.4751296538967088,29.53669073814554,7.174813784672883,14.028810046147914,5.83300759914056e-05
A1m_fe0.1,MHOW,pulsed,38.73208306730338,12.256681170723773,21.87375456098962,4.701601626668789,-0.03545099422644604,-3.607334514822677e-06,20.37997464855844,13633265.167007484,0.5024854430009646,38.229597624302414,11.754567349136321,21.37144499362514,0.00014948711404717634
A1m_fe0.1,CRBG,continuous,24.244739019223275,6.365169223155934,12.400166701944617,4.8163507515722515,-0.044773780127810525,-1.7823454970239196e-06,5.148312314998519,18404907.975460015,0.37318880664602055,23.871550212577255,5.991850843717957,12.026893497067508,2.7972496911492113e-05
A1m_fe0.1,CRBG,pulsed,33.1038465871971,10.451538187990216,19.448792309983002,4.664554158891097,-0.06944581845831621,-2.7391792273994303e-06,16.528885204766986,18404907.97546016,0.40134151775638577,32.70250506944071,10.050072043521778,19.04736629651055,8.980694294590044e-05
A1m_dic1,MHOW,continuous,29.792355572904377,7.433783211578472,14.284373756640283,4.874362080101056,-0.020101572053029315,-2.220653648177238e-06,5.548208027380477,13633265.16700746,0.23882001476319228,29.553535558141185,7.195240892417469,14.04569015440786,4.0696105880835917e-05
A1m_dic1,MHOW,pulsed,38.503330802122704,12.041303105883886,21.652011419448982,4.699392808415997,-0.035913890790171266,-3.6211720214893176e-06,14.744558107570692,13633265.167007484,0.2525640614537376,38.250766740668965,11.788992236143741,21.399580917665848,0.00010815133371903113
A1m_dic1,CRBG,continuous,24.075473686875316,6.199704388687177,12.23272078449697,4.814782608278094,-0.04665041072430043,-1.7871322110963674e-06,4.316150094733811,18404907.975460015,0.18891071973274515,23.88656296714257,6.01066514801808,12.043731280521357,2.3451082181387177e-05
A1m_dic1,CRBG,pulsed,32.925575517701525,10.289321560598601,19.281151787224232,4.66196424239509,-0.07107246175627857,-2.7365889576767944e-06,10.757923478360956,18404907.97546016,0.20317911416484594,32.72239640353668,10.086017032933167,19.077893360595166,5.845138423242775e-05
A1m_dic5,MHOW,continuous,30.57899300188747,8.203275693618394,15.07167372436361,4.883506539739304,-0.018027479046367034,-2.223644323956896e-06,11.25215827794695,13633265.16700746,1.09952185205066,29.479471149836808,7.1051614894667585,13.972586092209033,8.253458096874111e-05
A1m_dic5,MHOW,pulsed,39.32351741586032,12.802167267702307,22.44142944146231,4.713197683299565,-0.03401644579612473,-3.5504156749563415e-06,28.236033132162113,13633265.167007484,1.1628697953580063,38.16064762050232,11.640699160252357,21.279016630897036,0.00020711130302440933
A1m_dic5,CRBG,continuous,24.70686326099133,6.811269591928744,12.856001052502085,4.824337851974886,-0.038671574447704415,-1.7949162128378214e-06,11.776900303446649,18404907.975460015,0.8862751007506223,23.820588160240707,5.924910353766449,11.969625256950799,6.39878249820605e-05
A1m_dic5,CRBG,pulsed,33.59360296959343,10.884443688855953,19.90052677837601,4.678480660169122,-0.06416169611229172,-2.811040472954782e-06,29.44026669410324,18404907.97546016,0.953128644974602,32.64047432461882,9.931242629886967,18.94731833394846,0.00015995878237129395
A1m_dt400,MHOW,continuous,30.105237014528228,7.653562216749952,14.546438493437288,4.884537680723113,-0.01849939486369756,-6.300001301191037e-07,8.31791143362338,13633265.167007517,0.4781532598727966,29.62708375465543,7.175836552788677,14.068469038992722,6.1011880365627406e-05
A1m_dt400,MHOW,pulsed,38.835522777792974,12.257185052717912,21.939309012356023,4.702018765539734,-0.03540010195725429,-1.4377011207188026e-06,20.94572503794805,13633265.167007484,0.5056824882678476,38.32984028952513,11.751889511558813,21.4338067624648,0.00015363689315334912
A1m_dt400,CRBG,continuous,24.312533197016897,6.3780813487276875,12.438687537957046,4.8253275361303745,-0.04360854508195544,-8.577114213381708e-07,5.2559915483555395,18404907.97546013,0.3783243607510285,23.934208836265867,5.999626896228384,12.060278101686842,2.855755407939842e-05
A1m_dt400,CRBG,pulsed,33.18260152228379,10.454560973312303,19.513922260831514,4.665037088324513,-0.06936379475140342,-1.3751280074450417e-06,16.70459783429657,18404907.97546016,0.40686497673186395,32.77573654555192,10.047571338641447,19.106972184035488,9.076164823301118e-05
S_glass0.5,MHOW,single,112.38684666271755,111.01105500396336,111.92799290764437,5.466966394404735,-0.006733707168743663,1.0170857811206453e-07,379572.4558585203,13633265.167007504,15.137237369532276,97.24960929318527,97.25673572957143,97.25341316579475,2.7841639637222455
S_glass0.5,MHOW,continuous,136.24973573305687,125.1204250988736,135.32753337710878,6.266289985489443,-0.03197298482284516,-1.2548747291780745e-06,14387.367485575625,13633265.16700746,36.70484868468325,99.54488704837362,98.53417660507247,100.0034778540062,0.10553134050669752
S_glass0.5,MHOW,pulsed,135.3249596776809,128.4280846661064,134.4029773804625,6.1432217990957465,-0.030438062280207845,-6.073683046133501e-07,14759.121686008613,13633265.167007484,35.78738961790553,99.53757005977538,99.99504711174055,99.99608992075603,0.10825815756687329
S_glass0.5,CRBG,single,75.36755015842085,70.38707167761366,71.80954976362939,5.423406781608256,0.015328351867722745,-2.0729459905951227e-06,12228511.825624064,18404907.9754601,41.48381644048116,33.8837337179397,33.89990215688399,33.89461438823151,66.44158091922415
S_glass0.5,CRBG,continuous,231.30611635566015,198.15635047734935,227.72204356438476,6.356758575657971,-0.09901963387507884,-7.359329182397536e-07,108416.65885450295,18404907.975460015,131.73407200081508,99.57204435484508,98.62669512808813,99.91247113587413,0.5890638464428029
S_glass0.5,CRBG,pulsed,227.8545956716181,205.51413955982363,224.28792664907945,6.3286261162012485,-0.09305300605193345,-7.8462914293183e-07,151061.59262296348,18404907.97546016,128.35439939507583,99.50019627654228,99.52138098525916,99.50208876530488,0.8207679865847665
S_glass1.5,MHOW,single,103.00292481348016,101.62487478406983,102.54326868458105,5.379509853944336,0.030596615730670962,8.093961514306872e-08,1659263.8921504908,13633265.167007504,15.152912736435589,87.85001207704457,87.85503419048166,87.85161843587794,12.170700648923845
S_glass1.5,MHOW,continuous,136.7362533924257,124.70839004931109,135.35520346726702,6.2603458568716706,0.000538268119321117,-1.0417824513480468e-06,10799.954038699907,13633265.16700746,36.740642863206794,99.99561052921891,98.1403352495134,99.99916207554368,0.07921766287386404
S_glass1.5,MHOW,pulsed,135.8043702295444,128.4505219437412,134.42355894637427,6.096849687268723,0.0023640240901201537,-4.315477797197667e-07,12136.665773318624,13633265.167007484,35.82291152998455,99.98145869955984,99.9874306667337,99.98453303292558,0.08902244344729221
S_glass1.5,CRBG,single,62.34838670781787,57.34908150578131,58.77389210364755,5.324357999171728,0.04647484895312104,-1.6355322455883758e-06,14626516.579011448,18404907.9754601,41.34312266321854,21.005264044599336,21.004527238312242,21.002414480865703,79.47074007929564
S_glass1.5,CRBG,continuous,231.13673764830529,197.52580548893863,227.57175010142376,6.341772188621213,-0.0452329638097666,-9.214042281144013e-07,139291.88532555013,18404907.975460015,131.60049802105365,99.53623962725163,98.20352919808775,99.53811075658771,0.7568192436021601
S_glass1.5,CRBG,pulsed,227.75327321359603,205.658846084058,224.18875088681156,6.268186473386198,-0.03338942000820033,-1.371319618647494e-06,169645.96004447882,18404907.97546016,128.78042933949365,98.97284387410238,99.36969111196866,99.33159540111978,0.9217430495749998
S_diop0.5,MHOW,single,109.59186414015187,108.21466543201137,109.1315565894899,5.377287800439228,0.01674188419804956,-3.6371425953073646e-08,760849.4278899198,13633265.167007504,15.148889703411426,94.44297443674044,94.45122969354672,94.4451161085559,5.58083055357256
S_diop0.5,MHOW,continuous,136.26980862138134,125.05782256966427,135.34735485804393,6.263523576483413,-0.010190957183267457,-1.6421841506409772e-06,11762.12393867584,13633265.16700746,36.73111336520175,99.5386952561796,98.46229067965797,99.99850515127174,0.08627517909018753
S_diop0.5,MHOW,pulsed,135.80313807476526,128.4499111043722,134.42243550721136,6.107541136675221,-0.009225196145500547,-5.572443855423282e-07,12262.217683487508,13633265.167007484,35.813391162509994,99.98974691225527,99.99353116408531,99.99136563761375,0.08994336670838096
S_diop0.5,CRBG,single,67.12052005808982,62.127189123571256,63.55050151180661,5.311237413851244,0.039501727942102605,-1.46717041582029e-06,13747843.300434317,18404907.9754601,41.42262901647042,25.697891041619407,25.701128954406073,25.697367524330986,74.69661526569321
S_diop0.5,CRBG,continuous,231.30135074336798,198.02581655763754,227.73489445676714,6.348029347053626,-0.06093025909376237,-8.588137531040589e-07,109144.84498139552,18404907.975460015,131.730378364529,99.57097237883897,98.57285284306516,99.57113893625566,0.593020324398919
S_diop0.5,CRBG,pulsed,227.85249056410208,205.8235569010656,224.28688632891917,6.302584708962578,-0.0517562818255044,-1.0134833890477937e-06,151495.77220970966,18404907.97546016,128.40852780101076,99.44396276309132,99.80105697381315,99.4462896481239,0.8231270290060875
S_diop1.5,MHOW,single,107.37712283897464,105.99993852100889,106.91682973394859,5.452261100792108,0.0111631639474421,1.3325752465893616e-07,1062783.4915701624,13633265.167007504,15.147395723759116,92.22972711521552,92.23782790800708,92.23280711450323,7.795516910667137
S_diop1.5,MHOW,continuous,136.2680290925793,124.83303136310089,135.34563408669885,6.262442344261914,-0.015940613274704418,-1.4289941944959263e-06,11987.110744498732,13633265.16700746,36.728448812510486,99.5395802800688,98.27586704654375,99.99964132876043,0.08792545731089846
S_diop1.5,MHOW,pulsed,135.33905365554116,128.4440698206872,134.41690578590615,6.12473833008345,-0.014536483898616837,-6.650452580231526e-07,12924.201799685443,13633265.167007484,35.81063248423396,99.5284211713072,99.99027951837027,99.98854167510467,0.09479902020069282
S_diop1.5,CRBG,single,68.5993169146303,63.60488360588791,65.02700522402101,5.412887806604536,0.03807502890844816,-2.1300459983499526e-06,13475646.432465592,18404907.9754601,41.388713995980694,27.2106029186496,27.21219226295201,27.207119253635796,73.2176789497298
S_diop1.5,CRBG,continuous,231.23481006234653,197.86060299615227,227.6692640738596,6.34801519744911,-0.0698098236487894,-5.6220745551837e-07,121173.44010057034,18404907.975460015,131.67846687580428,99.55634318654225,98.51094740293131,99.55777479689846,0.6583756912131027
S_diop1.5,CRBG,pulsed,227.80230528360602,205.41733103121564,224.23783080019223,6.304982977823292,-0.06129581218783109,-1.0856636864075419e-06,160519.32312175925,18404907.97546016,128.3891773604808,99.41312792312522,99.44128046201038,99.41685779723024,0.8721549889615569
S_glassk0.1,MHOW,single,106.84678135521149,105.47108898894604,106.38778431670214,5.420127231149037,-0.0250517690064882,-5.457329917916411e-08,1134772.283714395,13633265.167007504,15.120942132527624,91.72583922268387,91.7258386990952,91.72581945700482,8.323554701045085
S_glassk0.1,MHOW,continuous,136.19519913747266,124.57527197024947,135.27787349907675,6.262953940857286,-0.052792039345172626,-6.193019863196694e-07,20507.87993136487,13633265.16700746,36.65820844846147,99.53699068901119,97.99896273381256,99.99500023537647,0.15042529929656176
S_glassk0.1,MHOW,pulsed,135.2774336396584,128.39486088493825,134.3601014374465,6.116569259079151,-0.05088897577714491,-2.3130159884021257e-07,20112.076701434344,13633265.167007484,35.73981811068095,99.53761552897745,99.99103038313544,99.99567316045048,0.14752208260502106
S_glassk0.1,CRBG,single,67.86275279061516,62.88168614364204,64.30514426011885,5.369173123424128,-0.027382944110041052,-1.3063165669815696e-06,13609355.123879483,18404907.9754601,41.254800919110004,26.607951871505158,26.629256957312386,26.621680141221887,73.94416283974527
S_glassk0.1,CRBG,continuous,230.51567800626938,196.921942911756,226.9447609479321,6.348022047472324,-0.14963108128843494,-5.072107531825409e-07,187739.253767343,18404907.975460015,130.87129797965616,99.64438002661322,98.2671420063423,99.64825532963071,1.0200499454692364
S_glassk0.1,CRBG,pulsed,227.2923922447436,205.07303707591797,223.7283276075338,6.303955079708228,-0.14553026805029567,-5.814000171208964e-07,188497.93089064996,18404907.97546016,127.66337143925878,99.62902080548483,99.638986299738,99.63902665484642,1.0241720911725294
S_glassk10,MHOW,single,109.55434031922708,107.70407799314191,108.63195049253198,5.420128000044722,0.38800200422314646,2.489449651228663e-08,830648.1776544972,13633265.167007504,15.632884353497833,93.92145596572925,93.91183808514798,93.91934509905178,6.092804383095735
S_glassk10,MHOW,continuous,136.77226992687196,125.68472463116709,135.84944939871548,6.262953940857286,0.3526046175822124,-4.718209016278625e-07,6571.713275866378,13633265.16700746,36.78196889646651,99.99030103040545,98.56103487963092,99.988294393046,0.04820351687848002
S_glassk10,MHOW,pulsed,135.84898308285597,128.48584732037074,134.92494987528093,6.116569728432731,0.35632918106070477,-7.744393230711907e-07,7075.976556104803,13633265.167007484,35.86246965059658,99.98651343225939,99.98263777267509,99.98315991036472,0.051902288039028785
S_glassk10,CRBG,single,68.70277635089869,63.347822332050136,64.7753654427849,5.3691731208433575,0.07697599887859674,-1.478316266973928e-06,13523035.363436295,18404907.9754601,41.910600145826486,26.792176205072202,26.791803892344312,26.79211830556477,73.47515880800395
S_glassk10,CRBG,continuous,232.99223018619313,199.1359885895968,229.0888877546465,6.348022047472324,0.2842510313014337,-4.789881252416341e-06,61501.42724055872,18404907.975460015,133.73452607578514,99.25770411040799,98.34244962014364,99.27259403175856,0.33415775467370434
S_glassk10,CRBG,pulsed,229.58020783050577,207.00694283520232,225.65989050190518,6.303955079708228,0.19351532293858398,-4.3971181024920936e-06,98540.21309657492,18404907.97546016,130.36718942009026,99.21301841041551,99.54126041473171,99.21118997126715,0.5354018244913893
S_logk-0.5,MHOW,single,55.99190735863998,54.612912996756336,55.53142988152428,5.034126905186919,0.024681412137676162,-5.228204384344702e-07,8068857.832405383,13633265.167007504,14.747058854985761,41.24484850365422,41.24798162011332,41.24558951662122,59.185072200693455
S_logk-0.5,MHOW,continuous,135.85185117035323,118.70095472685043,134.92887866099883,6.224401788054374,-0.015461716017522775,5.79086468236523e-08,68328.55977358297,13633265.16700746,36.331184912976575,99.52066625737666,92.58943677121967,99.97967542419727,0.5011899859392325
S_logk-0.5,MHOW,pulsed,133.53935133068694,126.03971819909594,132.16183325387414,5.803643732887568,-0.013533657401225696,-2.8355070701628965e-07,320343.2826206487,13633265.167007484,35.42075404907211,98.11859728161483,98.14162510438372,98.12498707596365,2.349717978022461
S_logk-0.5,CRBG,single,28.383757993345544,23.379728741050492,24.810070223525464,5.047578437858417,0.022426091393306535,-6.739627545593165e-07,20877951.383487172,18404907.9754601,39.35815175196209,-10.974393758616547,-10.97181754554255,-10.97223142797423,113.43686918361378
S_logk-0.5,CRBG,continuous,110.77115260026753,76.85432994270677,107.20738939493751,6.166872257360293,-0.05199570702838585,-2.6721104407126605e-06,22359563.81615939,18404907.975460015,128.6371888243528,-17.866036224085263,-18.199261021775357,-17.504997696129223,121.48696340113338
S_logk-0.5,CRBG,pulsed,105.74013552856056,82.05530089516597,102.17780134511685,5.851193219027419,-0.04470127964681048,-2.089794568570591e-06,22693188.30079413,18404907.97546016,125.29483786713385,-19.554702338573293,-19.525556423755845,-19.545987574613733,123.29965643431451
S_logk+0.5,MHOW,single,115.13597951379855,113.75370721937422,114.67339509826083,5.545859539093159,0.011272821567214208,2.464809181005127e-07,5617.831501669661,13633265.167007504,15.14221811171565,99.9937614020829,99.99545714602147,99.99348489267877,0.04120679406474694
S_logk+0.5,MHOW,continuous,136.26326697603415,126.72299677248257,135.34054011322993,6.334058329728924,-0.011083532295609544,-2.331875667025855e-07,12844.196993118634,13633265.16700746,36.71916247602849,99.54410450000566,99.6608492007491,100.00284377752843,0.09421218494452545
S_logk+0.5,MHOW,pulsed,135.80325507432224,128.44736495269407,134.42241187292157,6.495698287723246,-0.007066712741364611,-2.474785724935047e-07,12649.714150541333,13633265.167007484,35.80135168681561,100.00190338750663,100.00277898286677,100.0030844478859,0.09278565329422077
S_logk+0.5,CRBG,single,141.5846266850766,136.6033970029482,137.66920503567766,5.73603906026062,0.030145398137548796,-1.002871963411796e-06,40619.17653400035,18404907.9754601,41.72465065685639,99.85997602822022,99.87420567994087,99.51280213516124,0.22069752583473548
S_logk+0.5,CRBG,continuous,231.65296168957954,199.9540219216792,228.08571971007456,6.4840590703278895,-0.06877780323753413,-8.826810437452041e-07,45073.83067271446,18404907.975460015,132.0261078997875,99.62685378979205,99.88729156911084,99.62763473170696,0.2449011466550833
S_logk+0.5,CRBG,pulsed,228.4306390831523,206.90643765554944,224.86328775886216,6.474796009940259,-0.06501573905945612,-8.876464428237117e-07,46007.84363990478,18404907.97546016,128.81121658032734,99.61942250282496,99.98052245502227,99.62013726146552,0.2499759504434821
S_disp0.5,MHOW,single,99.88825176078987,98.51110028650022,99.42798175287832,5.4201272957497295,0.016553235550606615,-2.9723152655360263e-08,2083761.2806318179,13633265.167007504,15.147624814189713,84.74062694660016,84.7473145008294,84.74388240748185,15.284388993434378
S_disp0.5,MHOW,continuous,136.26824237386043,124.87411149436771,135.34577890146642,6.262953940857286,-0.01281118645218271,-1.6358792971038594e-06,11963.600107273018,13633265.16700746,36.728958492157794,99.53928388170263,98.42470904519053,99.9985832348016,0.08775300678684783
S_disp0.5,MHOW,pulsed,135.8006090150669,128.4469681374972,134.42011560964272,6.116569250546251,-0.011971915715223602,-5.5464834496434e-07,12559.077811028277,13633265.167007484,35.81156218355869,99.9890468315082,99.99218051575019,99.99083913615178,0.09212083574389252
S_disp0.5,CRBG,single,66.78163761883464,61.786473873939656,63.209590043441196,5.369173124495695,0.04235123990569001,-1.5667326543468782e-06,13810179.440672655,18404907.9754601,41.40448356176575,25.377154057068886,25.377457345590834,25.37359160601416,75.03530829432151
S_disp0.5,CRBG,continuous,231.26851396378302,197.93472453200687,227.7024116468692,6.348022047472324,-0.06265639645436849,-6.714361657131132e-07,115109.33246761932,18404907.975460015,131.70372985822436,99.56478410555866,98.52664933280565,99.56523790486051,0.6254273730740686
S_disp0.5,CRBG,pulsed,227.80362449864603,205.39716011867992,224.2407323562114,6.303955079708228,-0.05347063722010503,-1.1036712161482866e-06,160024.1953588199,18404907.97546016,128.39732985354638,99.40629464509965,99.43459975044182,99.40999266971833,0.8694647947829197
S_disp2,MHOW,single,113.90142060406309,112.52428604840792,113.44123387121942,5.4201272957497295,0.01192238540042645,-8.943826963297202e-08,173303.31040987402,13633265.167007504,15.148373918729929,98.75304668533316,98.76118697394409,98.75496888008263,1.2711797818564252
S_disp2,MHOW,continuous,136.27299015177462,125.08227948338634,135.35060425347794,6.262953940857286,-0.013737895000954126,-1.1090454903020178e-06,11321.29809613881,13633265.16700746,36.73198862178509,99.54100152998953,98.33768662779399,100.00095522341047,0.0830417215351784
S_disp2,MHOW,pulsed,135.80281795958297,128.44927479469686,134.42208107288639,6.116569250546251,-0.012648730194168678,-4.698862800447526e-07,12315.847123933883,13633265.167007484,35.81300629527253,99.98981166431044,99.99313783477074,99.9903395981786,0.09033673865405513
S_disp2,CRBG,single,69.49366424496561,64.49917996841552,65.92253726146154,5.369173124495695,0.035502931343767585,-2.264148437146776e-06,13311077.715773888,18404907.9754601,41.40473500732957,28.088929237636044,28.0906732181326,28.086777274634485,72.32352225570487
S_disp2,CRBG,continuous,231.26529742097276,198.01165432365386,227.69965624946684,6.348022047472324,-0.06781424070608466,-1.3435546958969478e-06,115600.49574525714,18404907.975460015,131.7033815845866,99.56191583638616,98.57255580844304,99.56344449282437,0.6280960268825675
S_disp2,CRBG,pulsed,227.83199431198224,205.53259198648018,224.26606797781668,6.303955079708228,-0.06017719184304049,-1.250529756959083e-06,155303.30208223662,18404907.97546016,128.3977930412814,99.43420127070084,99.4613384902696,99.43660904717152,0.8438146079801506
S_fe0.001,MHOW,single,108.70002722393268,107.32283769986407,108.23972545612672,5.4202732057662555,0.013726465781731534,4.6269255597310794e-08,882431.7958319036,13633265.167007504,15.148068973003825,93.55195825092885,93.56013290634661,93.5545624609475,6.472637222427011
S_fe0.001,MHOW,continuous,136.26873322598294,124.94155710980732,135.34630854366523,6.262976790862459,-0.01319020179254693,-1.3390355446739693e-06,11900.071096302878,13633265.16700746,36.72973337206603,99.53899985391692,98.36637175995428,99.99906292470891,0.08728702149138186
S_fe0.001,MHOW,pulsed,135.80115724613748,128.4476370735738,134.4204865782913,6.116670546910689,-0.012318504711135603,-5.444674923932321e-07,12520.962158835873,13633265.167007484,35.81193669794193,99.98922054819555,99.99262061075032,99.99083758669633,0.09184125743506123
S_fe0.001,CRBG,single,67.97056349724173,62.9758604394745,64.39910206920268,5.369435400107947,0.03915156848631085,-1.7178569801537432e-06,13591395.659219487,18404907.9754601,41.40472100883487,26.565842488406858,26.56698600196809,26.563108580289217,73.84658308175929
S_fe0.001,CRBG,continuous,231.2670538361274,197.94753650999957,227.70173222348998,6.348113515486792,-0.0651543684399325,-6.030228563184022e-07,115224.76287286675,18404907.975460015,131.70379712579197,99.56325671033542,98.50077385582068,99.56471790744092,0.6260545449425796
S_fe0.001,CRBG,pulsed,227.82761391789467,205.44964548131114,224.26331818834075,6.304080006423563,-0.056236281958574,-1.0392660314233183e-06,155855.2840435351,18404907.97546016,128.39848236965696,99.4291315482377,99.45728227183072,99.43292034111629,0.8468137099698723
S_fe0.1,MHOW,single,108.64413632952652,107.27567670115184,108.18674022819371,5.418997120443863,0.013669710696852633,1.94159154816629e-07,876954.3375314448,13633265.167007504,15.052692678592633,93.59144365093388,93.5997018718957,93.59340734391003,6.432460065793146
S_fe0.1,MHOW,continuous,136.03941374961173,124.77544153470662,135.12280982058454,6.262949389976242,-0.013134145282348797,-1.3286954246155384e-06,11806.925940514131,13633265.16700746,36.49758653221849,99.54182721739323,98.36905872606448,99.99876862678596,0.0866038017736714
S_fe0.1,MHOW,pulsed,135.57475995775476,128.26784707808355,134.2028223586507,6.116531604531497,-0.012257880472171578,-5.84303292510086e-07,12426.591543606999,13633265.167007484,35.58568337455113,99.98907658320363,99.992541036811,99.9907519928174,0.09114904897235744
S_fe0.1,CRBG,single,67.59192615564437,62.66468341760002,64.06856393927617,5.366953139177258,0.038933541440405506,-1.7120270356298008e-06,13556657.354694502,18404907.9754601,40.83949729990755,26.752428855736824,26.75316809493659,26.749329245453715,73.65783829384021
S_fe0.1,CRBG,continuous,229.4791398994129,196.6051994247768,225.9622871584544,6.34781768688425,-0.06460029147272017,-8.417343241029862e-07,114931.05194525943,18404907.975460015,129.9113089887149,99.567830910698,98.45294051223439,99.56926370981046,0.6244587155692465
S_fe0.1,CRBG,pulsed,226.09557416361207,204.0419136649624,222.57974820468334,6.303454791825901,-0.05585927740158958,-1.133108550366398e-06,153310.89698002773,18404907.97546016,126.66124035803452,99.43433380557755,99.4625134876126,99.43810006590978,0.8329892069248156
S_dic1,MHOW,single,101.54529471049139,100.85970864734223,101.31667657227256,5.411142269306076,0.014383311040495173,1.7244634493002226e-07,822344.4214462432,13633265.167007504,7.561137537001042,93.98415717349035,93.98946478008509,93.98627840585893,6.031896331308191
S_dic1,MHOW,continuous,118.0927938535148,111.63509987870665,117.63067705791086,6.254665866807511,-0.010425958681294034,-1.7324691592273724e-06,10908.119536696413,13633265.16700746,18.331322926985706,99.7614709265291,98.28362102002235,99.9908648645623,0.08001105680166842
S_dic1,MHOW,pulsed,117.85557848808193,114.18525738651158,117.16537602668026,6.116395355363139,-0.009700423578465234,-5.891323762167293e-07,11508.368969754749,13633265.167007484,17.873936168350678,99.98164231973125,99.98773318772993,99.9820961065375,0.08441388639315117
S_dic1,CRBG,single,50.44305264679439,47.948306523850086,48.65582949037841,5.34349392745017,0.029929965342557097,-2.3052565017972874e-06,12969108.957199035,18404907.9754601,20.65641941447788,29.78663323231651,29.790686440601508,29.785203487864347,70.46549200078151
S_dic1,CRBG,continuous,165.6657233735983,148.48269641322378,163.7067472550342,6.332375391703768,-0.05482055339911973,-8.797856659517526e-07,83912.41166597688,18404907.975460015,65.91461060656839,99.75111276702991,98.75140636696011,99.75395239844794,0.45592410338514366
S_dic1,CRBG,pulsed,163.8967252827329,152.75541460643382,161.94073405025037,6.294534651372887,-0.04580316468526391,-1.1031449754991458e-06,112917.98927062131,18404907.97546016,64.26249019380985,99.63423508892303,99.6694431425797,99.63925660636389,0.6135210750370412
S_dic5,MHOW,single,126.68890066926173,123.52035568042191,125.63238344884506,5.451279377421629,0.011572874798071453,1.398698357505979e-07,1118195.468274715,13633265.167007504,34.85611043183432,91.83279023742742,91.8433396346476,91.83688822382447,8.201963759795031
S_dic5,MHOW,continuous,183.45694727633958,159.2962746444709,181.33947718083567,6.288634473784107,-0.020433680565744794,-5.251578735879265e-07,14537.339784490478,13633265.16700746,84.51051076864576,98.94643650769382,97.8294959383998,100.00254699317651,0.10663138731923796
S_dic5,MHOW,pulsed,181.33195608259533,165.36467625897888,179.21358351299645,6.122545061820228,-0.018101368541092455,-3.5500827412944314e-07,15567.648239464928,13633265.167007484,82.39763414512595,98.93432193746938,99.88379183094834,99.98939668090044,0.11418869983647537
S_dic5,CRBG,single,113.40684893721465,101.7079278212831,105.04684150151155,5.453301835829996,0.03824760511964875,-2.015082371991572e-06,15550238.791426225,18404907.9754601,96.73158159731979,16.67526733989486,16.682275523865954,16.676925064158,84.48963076674926
S_dic5,CRBG,continuous,406.36890404460047,328.8670859408592,397.59935990272317,6.396932462102226,-0.10812098984098739,-1.4834346217345857e-06,288236.15469126,18404907.975460015,307.36070551561534,99.00819852898513,97.23870438346404,98.59971106447279,1.5660831071558552
S_dic5,CRBG,pulsed,398.6795334568722,346.6790613543698,390.3247161014165,6.328226131349102,-0.09921719411188867,-1.418810592829108e-06,316906.9193492293,18404907.97546016,299.9205071169266,98.75902633994559,99.65504012374026,98.764132479451,1.7218609284641424
S_grid50,MHOW,single,114.45380771701402,112.98529721690872,113.62753301264458,4.8739189460749905,0.011974043018446068,-4.2335874878242473e-07,148153.29772019672,13633265.167007504,15.389695300831491,99.06411241618252,99.06557758844278,99.06714354110957,1.0867044387776426
S_grid50,MHOW,continuous,136.5281902204347,124.61315285460405,135.51354829829572,5.925085729482718,-0.014516145880026698,-1.26722272989642e-06,26859.908916522738,13633265.16700746,36.62182359650099,99.90636662393372,97.71546196561223,99.99787769993608,0.19701743190269483
S_grid50,MHOW,pulsed,135.7100287087685,128.43899323713666,134.60367930714435,5.580394499075668,-0.01238961986293674,-2.596435656828256e-07,25192.12334581112,13633265.167007484,35.719895647965586,99.99013306080292,99.97897721584577,99.8986251426135,0.18478422474152478
S_grid50,CRBG,single,69.63189548607636,64.56470904034813,65.91614187849258,4.863654326044992,0.0398886664269309,-3.0984602632736306e-06,13325316.286930412,18404907.9754601,41.496194007411106,28.135701478665254,28.136815066311016,28.132202807026708,72.40088515898866
S_grid50,CRBG,continuous,231.35861675552874,197.65794741747615,227.65022641364632,5.8879088078709,-0.06739503005907821,-8.997127616853293e-06,138050.88567488437,18404907.975460015,131.79298793263737,99.56562882289137,98.20054997364282,99.5670758512498,0.7500764788335428
S_grid50,CRBG,pulsed,228.10980786811675,205.67865294863924,224.40350611472778,5.597869647126308,-0.05813389081378695,-9.930276472453887e-06,143520.57756637558,18404907.97546016,128.7115979157083,99.39820995240845,99.50070214907618,99.40239308823651,0.779795138110639
S_dt400,MHOW,single,108.4065337517311,107.02939769874372,107.94630751984222,5.423124409279844,0.014322759732733559,3.845071930424132e-09,922438.4742953349,13633265.1670075,15.148069516826526,93.25846423490458,93.26662018304488,93.26101697047318,6.76608620895628
S_dt400,MHOW,continuous,136.26896602754832,125.3196970160789,135.3465820502006,6.279442293748424,-0.012014254451699458,-3.9977088795232457e-07,11866.489728175733,13633265.167007517,36.7295139736792,99.53945205386913,98.7952107504129,99.99902870781864,0.08704070215616888
S_dt400,MHOW,pulsed,135.80140626104728,128.44769747486706,134.42062669922908,6.116569250546251,-0.012054762461147561,-5.030038071817344e-07,12525.785531388512,13633265.167007484,35.811969869690365,99.98943639135692,99.99261844565478,99.99081759137135,0.09187663687273484
S_dt400,CRBG,single,67.77406833867225,62.779124613538805,64.20239207091176,5.371107491874094,0.040002385005383445,-1.1191646475694325e-06,13627551.041434607,18404907.97546013,41.44763255707044,26.32643578160181,26.32733095480728,26.323462453986927,74.043027325128
S_dt400,CRBG,continuous,231.17141264985204,197.83510132660493,227.60601205044972,6.367320531613354,-0.06344564299302213,-9.47542063795697e-07,132813.27529070483,18404907.97546013,131.61042497642396,99.56098767342809,98.43617309749165,99.56250921428966,0.7216187957461625
S_dt400,CRBG,pulsed,228.1819712042315,205.4528645052551,224.2628134157951,6.303955079708228,-0.05586499327800887,-1.0513075145882412e-06,156189.35592395318,18404907.97546016,128.75465909435044,99.42731210988106,99.4572744973054,99.07644219419424,0.8486288338534771
R_noaff,MHOW,pulsed,135.82375002297522,128.46862713208333,134.44268274188997,6.340809777161158,0.013706675140833013,-2.4855033218081366e-07,9732.795893539818,13633265.167007484,35.83030359372103,99.99344642925419,99.99818811340717,99.99597369699922,0.07139005787911465
R_noaff,CRBG,pulsed,228.7873228346367,206.7605393377769,225.22581684857585,6.44553643207095,0.047295965987183664,-7.722060857840812e-07,45751.83197656785,18404907.97546016,129.1664071676252,99.6209156670115,99.62384405782151,99.61959959486984,0.24858495373935147
R_noaff_sa0.1,MHOW,pulsed,98.67103022756064,90.16061579051159,97.29267143682743,5.842946320896314,-0.03426432784330302,-1.611626309479634e-07,5073875.6216140725,13633265.167007484,34.79964140288853,63.8713888246721,63.73930818817375,63.87342681298233,37.21687768453926
R_noaff_sa0.1,CRBG,pulsed,61.418187402331625,38.4641601572339,57.54215601613216,5.979836304441495,-0.05699023941048509,-1.1189430917415857e-06,30916603.20953892,18404907.97546016,58.15789092968549,3.2602964726461323,3.2378411926747006,3.196507012579211,167.98021077182779
R_k0.1,MHOW,pulsed,107.34769901351137,106.88396665417055,107.34581680925778,5.632736058158106,0.017283109236654326,-4.7342001133605873e-07,1080.6773210013002,13633265.167007484,7.352099706208692,99.99559930730268,99.99664476939932,99.99573566260204,0.007926768149544546
R_k0.1,CRBG,pulsed,116.05171585589314,113.91185870680212,115.69751865573963,5.8665828272420155,0.02670852446808425,-9.526570357449541e-07,3717.5938335499795,18404907.97546016,16.061808364364605,99.98990749152853,99.99272509122378,99.99259727729915,0.020198926495621515
R_chl,MHOW,pulsed,135.80121538383173,128.44769745998593,134.42054462784694,6.11656925134538,-0.012316485153863965,-4.826547286055585e-07,12513.023130993251,13633265.167007484,35.812001684066345,99.98921369976539,99.99261840289353,99.99083482852976,0.0917830246658356
R_chl,CRBG,pulsed,227.82768336805583,205.45286399054322,224.26338588027096,6.303955074844945,-0.05622891305128874,-1.0800410419271544e-06,155842.9478321115,18404907.97546016,128.3985731688978,99.42911019915803,99.45727114823134,99.43290118611003,0.8467466832211374
R_zeo,MHOW,pulsed,136.60503138235273,128.74155869736282,135.68604430941645,6.435965822856021,1.7173983263086665,5.342096001119567e-08,6007.811544019881,13633265.167007484,36.77285785276764,99.83217352958509,99.79259719063344,99.83994234757901,0.04406729767538588
R_zeo,CRBG,pulsed,218.32583940431164,193.6549505847767,213.69221933085421,6.240228326656807,1.8382602101271512,-2.3330731345341283e-06,2959339.269289276,18404907.97546016,133.6057410962897,84.72009830802193,84.66754518326758,84.36290293018396,16.0790766964717
R_allphases,MHOW,pulsed,132.05829005202915,125.4305994620815,130.82134230093132,5.846846890199266,-0.012137087438828686,-2.8212320518399755e-07,11929.077685704413,13633265.167007484,32.06715052567466,99.99113952635449,99.95228593423519,99.99102073627415,0.08749978482464196
R_allphases,CRBG,pulsed,218.5401794906335,196.8788325098249,215.22450289380893,6.044256460233451,-0.07455815127090126,-5.337160357267681e-07,214060.50560673364,18404907.97546016,119.14176771430422,99.39841177632928,99.22383120464896,99.40278869824287,1.1630620804632503
R_grid20,MHOW,pulsed,135.7579424472725,128.35252072842385,134.60571184638098,5.996592750464408,-0.012667742257770342,-4.748855868058994e-07,18627.692642658527,13633265.167007484,35.76996816787059,99.98797427940193,99.76159601757544,99.98771589461361,0.13663412553390045
R_grid20,CRBG,pulsed,228.05463802617504,205.6038353342572,224.31143795949043,5.919510736142775,-0.05946436944769751,-2.043295605084853e-06,147047.28115514579,18404907.97546016,128.5961841729767,99.45845385319834,99.4820271676258,99.28662228622696,0.7989568942762905
R_dt1600,MHOW,pulsed,135.3427023901876,128.44769747486706,134.42051154090663,6.116569250546251,-0.011802012620746538,-5.031675250046189e-07,12431.074358344938,13633265.167007484,35.812025764062454,99.53067662612516,99.99261844565478,99.99083093035131,0.09118193041846022
R_dt1600,CRBG,pulsed,227.827721081285,205.4528645052551,224.2634980551242,6.303955079708228,-0.05643999709492853,-9.626215204962868e-07,155791.07875611816,18404907.97546016,128.3985299839723,99.4291910973127,99.4572744973054,99.43304850386373,0.8464648612415736
R_legacyrates,MHOW,pulsed,135.79462249120132,128.4384627087814,134.4136104607597,6.522307489800892,-0.007236167111447145,-3.9613473337292923e-07,13821.385476019765,13633265.167007484,35.78545386419659,100.00916862700473,100.00887718163486,100.00964827412388,0.10137986246660509
R_legacyrates,CRBG,pulsed,228.4406033667015,207.01518297077462,224.8725189059216,6.637296187466525,-0.06774192410028235,-2.688375095220052e-06,44516.091577839376,18404907.97546016,128.8136154464111,99.62698792029042,99.98446026031685,99.62689811977458,0.24187076423959347
